"STATION","NAME","DATE","AWND","PGTM","PRCP","SNOW","SNWD","TAVG","TMAX","TMIN","WDF2","WDF5","WSF2","WSF5","WT01","WT02","WT03","WT04","WT05","WT06","WT08"
"USW00024233","SEATTLE TACOMA AIRPORT, WA US","2022-01-01","8.05",,"0.00","0.0","3.1","25","34","22","  150","  140","12.1","16.1",,,,,,,
"USW00024233","SEATTLE TACOMA AIRPORT, WA US","2022-01-02","8.50",,"0.79","0.0","3.1","34","43","30","  140","  140","19.9","25.1","    1",,,,,,"    1"
"USW00024233","SEATTLE TACOMA AIRPORT, WA US","2022-01-03","11.41",,"0.49","0.0","0.0","38","41","33","  190","  190","25.9","38.0","    1",,,,,,
"USW00024233","SEATTLE TACOMA AIRPORT, WA US","2022-01-04","9.62",,"0.22","0.0","0.0","36","42","35","  200","  180","21.9","34.0","    1",,,,,,
"USW00024233","SEATTLE TACOMA AIRPORT, WA US","2022-01-05","4.92",,"0.33","0.0","0.0","38","39","34","   50","   30","10.1","17.0","    1",,,,,,
"USW00024233","SEATTLE TACOMA AIRPORT, WA US","2022-01-06","14.32",,"2.00","0.0","0.0","41","50","36","  180","  180","23.9","40.9","    1",,,,,,
"USW00024233","SEATTLE TACOMA AIRPORT, WA US","2022-01-07","14.76",,"0.38","0.0","0.0","47","48","38","  220","  220","30.0","45.0","    1",,,,,,
"USW00024233","SEATTLE TACOMA AIRPORT, WA US","2022-01-08","8.95",,"0.00","0.0","0.0","39","45","37","  210","  210","17.0","23.0",,,,,,,
"USW00024233","SEATTLE TACOMA AIRPORT, WA US","2022-01-09","5.37",,"0.00","0.0","0.0","40","50","32","  110","  100","15.0","19.9",,,,,,,
"USW00024233","SEATTLE TACOMA AIRPORT, WA US","2022-01-10","5.82",,"0.27","0.0","0.0","42","48","33","  140","  120","15.0","19.9","    1",,,,,,
"USW00024233","SEATTLE TACOMA AIRPORT, WA US","2022-01-11","8.50",,"1.70","0.0","0.0","48","53","45","  150","  150","15.0","19.0","    1",,,,,,
"USW00024233","SEATTLE TACOMA AIRPORT, WA US","2022-01-12","5.82",,"0.14","0.0","0.0","52","56","43","  110","  120","13.0","21.0","    1",,,,,,
"USW00024233","SEATTLE TACOMA AIRPORT, WA US","2022-01-13","5.14",,"0.24","0.0","0.0","49","54","41","  220","  210","15.0","19.0","    1",,,,,,
"USW00024233","SEATTLE TACOMA AIRPORT, WA US","2022-01-14","2.91",,"0.00","0.0","0.0","45","50","39","  130","  120","10.1","14.1","    1","    1",,,,,
"USW00024233","SEATTLE TACOMA AIRPORT, WA US","2022-01-15","3.13",,"0.00","0.0","0.0","42","43","38","   20","   20","10.1","14.1","    1","    1",,,,,
"USW00024233","SEATTLE TACOMA AIRPORT, WA US","2022-01-16","3.36",,"0.00","0.0","0.0","40","42","38","   30","   20","8.9","11.0","    1","    1",,,,,
"USW00024233","SEATTLE TACOMA AIRPORT, WA US","2022-01-17","6.26",,"0.02","0.0","0.0","40","48","39","  180","  190","14.1","19.0","    1","    1",,,,,
"USW00024233","SEATTLE TACOMA AIRPORT, WA US","2022-01-18","7.61",,"0.03","0.0","0.0","46","47","45","  200","  200","17.0","21.9","    1",,,,,,"    1"
"USW00024233","SEATTLE TACOMA AIRPORT, WA US","2022-01-19","4.03",,"0.01","0.0","0.0","45","50","42","  150","  150","10.1","13.0","    1",,,,,,
"USW00024233","SEATTLE TACOMA AIRPORT, WA US","2022-01-20","13.20",,"0.16","0.0","0.0","49","52","40","  220","  200","23.0","35.1","    1",,,,,,
"USW00024233","SEATTLE TACOMA AIRPORT, WA US","2022-01-21","3.58",,"0.00","0.0","0.0","43","48","37","   20","   20","12.1","14.1","    1",,,,,,
"USW00024233","SEATTLE TACOMA AIRPORT, WA US","2022-01-22","6.49",,"0.00","0.0","0.0","40","44","34","   20","   10","15.0","19.0","    1","    1",,,,,
"USW00024233","SEATTLE TACOMA AIRPORT, WA US","2022-01-23","4.03",,"0.00","0.0","0.0","37","38","35","   10","   20","8.9","13.0","    1","    1",,,,,
"USW00024233","SEATTLE TACOMA AIRPORT, WA US","2022-01-24","4.03",,"0.00","0.0","0.0","36","39","34","   40","   20","12.1","16.1","    1","    1",,,,,
"USW00024233","SEATTLE TACOMA AIRPORT, WA US","2022-01-25","3.36",,"0.00","0.0","0.0","36","44","33","   20","   30","10.1","13.0","    1","    1",,,,,"    1"
"USW00024233","SEATTLE TACOMA AIRPORT, WA US","2022-01-26","7.16",,"0.00","0.0","0.0","35","39","32","   20","   70","14.1","18.1","    1","    1",,,,,"    1"
"USW00024233","SEATTLE TACOMA AIRPORT, WA US","2022-01-27","2.01",,"0.00","0.0","0.0","35","45","31","   10","   20","8.9","11.0","    1","    1",,,,,
"USW00024233","SEATTLE TACOMA AIRPORT, WA US","2022-01-28","4.92",,"0.00","0.0","0.0","37","50","28","  120","  110","13.0","16.1","    1","    1",,,,,"    1"
"USW00024233","SEATTLE TACOMA AIRPORT, WA US","2022-01-29","5.82",,"0.00","0.0","0.0","41","52","30","  150","  120","12.1","14.1",,,,,,,
"USW00024233","SEATTLE TACOMA AIRPORT, WA US","2022-01-30","11.18",,"0.28","0.0","0.0","45","53","39","  210","  210","29.1","46.1","    1",,,,,,"    1"
"USW00024233","SEATTLE TACOMA AIRPORT, WA US","2022-01-31","9.17",,"0.00","0.0","0.0","42","46","35","  220","  230","19.9","25.9",,,,,,,
"USW00024233","SEATTLE TACOMA AIRPORT, WA US","2022-02-01","6.49",,"0.00","0.0","0.0","39","45","35","  210","   30","13.0","17.0",,,,,,,
"USW00024233","SEATTLE TACOMA AIRPORT, WA US","2022-02-02","7.16",,"0.00","0.0","0.0","37","43","33","  200","  230","15.0","19.0","    1",,,,,,
"USW00024233","SEATTLE TACOMA AIRPORT, WA US","2022-02-03","8.95",,"0.14","0.0","0.0","43","48","41","  180","  180","15.0","21.0","    1",,,,,,
"USW00024233","SEATTLE TACOMA AIRPORT, WA US","2022-02-04","12.08",,"0.03","0.0","0.0","44","48","40","  200","  190","25.9","35.1","    1",,,,,,
"USW00024233","SEATTLE TACOMA AIRPORT, WA US","2022-02-05","5.82",,"0.04","0.0","0.0","44","47","38","  190","  190","14.1","19.9","    1",,,,,,
"USW00024233","SEATTLE TACOMA AIRPORT, WA US","2022-02-06","4.70",,"0.00","0.0","0.0","41","49","34","  140","  160","12.1","16.1","    1","    1",,,,,
"USW00024233","SEATTLE TACOMA AIRPORT, WA US","2022-02-07","12.53",,"0.00","0.0","0.0","45","52","40","  220","  210","23.0","33.1",,,,,,,"    1"
"USW00024233","SEATTLE TACOMA AIRPORT, WA US","2022-02-08","3.80",,"0.00","0.0","0.0","44","47","41","  140","  140","8.9","14.1",,,,,,,
"USW00024233","SEATTLE TACOMA AIRPORT, WA US","2022-02-09","3.13",,"0.00","0.0","0.0","45","54","39","  330","  250","8.1","10.1",,,,,,,
"USW00024233","SEATTLE TACOMA AIRPORT, WA US","2022-02-10","6.71",,"0.00","0.0","0.0","47","49","42","   10","   10","15.0","19.9","    1","    1",,,,,
"USW00024233","SEATTLE TACOMA AIRPORT, WA US","2022-02-11","12.75",,"0.00","0.0","0.0","45","51","40","   20","   20","21.9","28.0","    1",,,,,,"    1"
"USW00024233","SEATTLE TACOMA AIRPORT, WA US","2022-02-12","11.63",,"0.00","0.0","0.0","44","56","36","   20","   20","18.1","23.0","    1",,,,,,
"USW00024233","SEATTLE TACOMA AIRPORT, WA US","2022-02-13","3.58",,"0.00","0.0","0.0","42","57","32","  200","  200","15.0","19.0","    1","    1",,,,,
"USW00024233","SEATTLE TACOMA AIRPORT, WA US","2022-02-14","7.83",,"0.10","0.0","0.0","47","48","41","  220","  230","21.0","32.0","    1",,"    1",,,,
"USW00024233","SEATTLE TACOMA AIRPORT, WA US","2022-02-15","5.59",,"0.00","0.0","0.0","44","50","39","  220","  240","14.1","18.1","    1","    1",,,,,
"USW00024233","SEATTLE TACOMA AIRPORT, WA US","2022-02-16","4.25",,"0.00","0.0","0.0","46","51","38","  130","  120","10.1","18.1","    1",,,,,,
"USW00024233","SEATTLE TACOMA AIRPORT, WA US","2022-02-17","6.49",,"0.00","0.0","0.0","42","47","36","  220","  220","15.0","19.9","    1",,,,,,
"USW00024233","SEATTLE TACOMA AIRPORT, WA US","2022-02-18","2.24",,"0.00","0.0","0.0","45","49","42","  290","  150","6.9","11.0","    1",,,,,,
"USW00024233","SEATTLE TACOMA AIRPORT, WA US","2022-02-19","13.20",,"0.01","0.0","0.0","43","46","40","  200","  210","25.1","38.0","    1",,,,,,
"USW00024233","SEATTLE TACOMA AIRPORT, WA US","2022-02-20","8.28",,"0.36","0.0","0.0","43","48","36","  230","  230","16.1","23.9","    1",,"    1",,,,
"USW00024233","SEATTLE TACOMA AIRPORT, WA US","2022-02-21","11.63",,"0.06","0.0","0.0","38","42","29","  360","  350","23.9","32.0","    1",,,,,,
"USW00024233","SEATTLE TACOMA AIRPORT, WA US","2022-02-22","13.20",,"0.00","0.0","0.0","33","35","27","   10","   10","23.0","28.0",,,,,,,
"USW00024233","SEATTLE TACOMA AIRPORT, WA US","2022-02-23","5.37",,"0.00","0.0","0.0","29","36","23","  110","  110","12.1","18.1",,,,,,,
"USW00024233","SEATTLE TACOMA AIRPORT, WA US","2022-02-24","5.59",,"0.00","0.0","0.0","33","40","27","  280","   20","12.1","17.0","    1",,,,,,
"USW00024233","SEATTLE TACOMA AIRPORT, WA US","2022-02-25","5.37",,"0.00","0.0","0.0","34","48","26","  110","  130","14.1","18.1",,,,,,,
"USW00024233","SEATTLE TACOMA AIRPORT, WA US","2022-02-26","8.50",,"0.36","0.0","0.0","41","50","34","  130","  120","18.1","25.9","    1",,,,,,
"USW00024233","SEATTLE TACOMA AIRPORT, WA US","2022-02-27","9.84",,"1.25","0.0","0.0","44","50","42","  210","  200","19.9","30.0","    1",,,,,,
"USW00024233","SEATTLE TACOMA AIRPORT, WA US","2022-02-28","10.74",,"2.97","0.0","0.0","49","54","47","  210","  180","17.0","28.0","    1",,,,,,
"USW00024233","SEATTLE TACOMA AIRPORT, WA US","2022-03-01","7.83",,"0.15","0.0","0.0","53","57","49","  210","  200","15.0","21.0","    1",,,,,,
"USW00024233","SEATTLE TACOMA AIRPORT, WA US","2022-03-02","6.26",,"0.25","0.0","0.0","50","51","46","  190","  200","12.1","16.1","    1",,,,,,
"USW00024233","SEATTLE TACOMA AIRPORT, WA US","2022-03-03","5.59",,"0.16","0.0","0.0","45","50","41","  130","  230","10.1","14.1","    1",,,,,,
"USW00024233","SEATTLE TACOMA AIRPORT, WA US","2022-03-04","7.61",,"0.46","0.0","0.0","44","49","41","  350","  350","19.9","25.1","    1",,,,,,
"USW00024233","SEATTLE TACOMA AIRPORT, WA US","2022-03-05","4.70",,"0.00","0.0","0.0","43","51","37","   10","  330","12.1","17.0","    1",,,,,,
"USW00024233","SEATTLE TACOMA AIRPORT, WA US","2022-03-06","2.91",,"0.00","0.0","0.0","42","50","32","  360","   30","10.1","14.1","    1","    1",,,,,
"USW00024233","SEATTLE TACOMA AIRPORT, WA US","2022-03-07","6.71",,"0.00","0.0","0.0","42","48","35","  220","  210","12.1","16.1","    1","    1",,,,,
"USW00024233","SEATTLE TACOMA AIRPORT, WA US","2022-03-08","3.58",,"0.08","0.0","0.0","44","48","38","  340","  330","10.1","15.0","    1",,,,,,
"USW00024233","SEATTLE TACOMA AIRPORT, WA US","2022-03-09","8.28",,"0.00","0.0","0.0","41","47","34","  350","  360","21.9","34.0","    1","    1",,,,,
"USW00024233","SEATTLE TACOMA AIRPORT, WA US","2022-03-10","4.25",,"0.00","0.0","0.0","38","46","29","  120","  120","10.1","13.0",,,,,,,
"USW00024233","SEATTLE TACOMA AIRPORT, WA US","2022-03-11","3.58",,"0.00","0.0","0.0","43","50","40","  110","  130","10.1","16.1",,,,,,,
"USW00024233","SEATTLE TACOMA AIRPORT, WA US","2022-03-12","5.37",,"0.02","0.0","0.0","47","55","39","  200","  230","17.0","25.9",,,,,,,
"USW00024233","SEATTLE TACOMA AIRPORT, WA US","2022-03-13","8.72",,"0.10","0.0","0.0","47","53","39","  210","  220","25.1","36.0","    1",,,,,,
"USW00024233","SEATTLE TACOMA AIRPORT, WA US","2022-03-14","8.28",,"0.59","0.0","0.0","46","49","43","  170","  160","17.0","21.9","    1",,,,,,
"USW00024233","SEATTLE TACOMA AIRPORT, WA US","2022-03-15","12.30",,"0.22","0.0","0.0","46","53","43","  230","  230","23.9","31.1","    1",,,,,,"    1"
"USW00024233","SEATTLE TACOMA AIRPORT, WA US","2022-03-16","8.28",,"0.00","0.0","0.0","46","53","41","  190","  190","17.0","23.9",,,,,,,
"USW00024233","SEATTLE TACOMA AIRPORT, WA US","2022-03-17","6.49",,"0.02","0.0","0.0","46","51","42","  220","  210","14.1","19.9","    1",,,,,,"    1"
"USW00024233","SEATTLE TACOMA AIRPORT, WA US","2022-03-18","6.71",,"0.21","0.0","0.0","47","55","44","  220","  210","14.1","19.9","    1",,,,,,
"USW00024233","SEATTLE TACOMA AIRPORT, WA US","2022-03-19","11.18",,"0.31","0.0","0.0","48","52","39","   40","  220","23.9","34.0","    1",,,,,,
"USW00024233","SEATTLE TACOMA AIRPORT, WA US","2022-03-20","10.07",,"0.21","0.0","0.0","42","48","38","  200","  190","17.0","21.9","    1",,,,,,
"USW00024233","SEATTLE TACOMA AIRPORT, WA US","2022-03-21","4.70",,"0.41","0.0","0.0","43","49","41","  160","  110","8.9","14.1","    1",,,,,,
"USW00024233","SEATTLE TACOMA AIRPORT, WA US","2022-03-22","4.47",,"0.02","0.0","0.0","51","63","48","  220","  210","12.1","15.0","    1",,,,,,"    1"
"USW00024233","SEATTLE TACOMA AIRPORT, WA US","2022-03-23","8.50",,"0.09","0.0","0.0","54","56","41","  200","  250","17.0","25.9","    1",,,,,,
"USW00024233","SEATTLE TACOMA AIRPORT, WA US","2022-03-24","8.50",,"0.00","0.0","0.0","46","57","40","   30","   30","17.0","21.0","    1",,,,,,
"USW00024233","SEATTLE TACOMA AIRPORT, WA US","2022-03-25","4.47",,"0.00","0.0","0.0","49","59","42","  190","  190","13.0","17.0",,,,,,,
"USW00024233","SEATTLE TACOMA AIRPORT, WA US","2022-03-26","3.80",,"0.01","0.0","0.0","51","59","46","  280","  130","8.9","12.1",,,,,,,
"USW00024233","SEATTLE TACOMA AIRPORT, WA US","2022-03-27","3.80",,"0.00","0.0","0.0","53","63","44","  260","  260","12.1","17.0","    1",,,,,,
"USW00024233","SEATTLE TACOMA AIRPORT, WA US","2022-03-28","5.59",,"0.00","0.0","0.0","53","56","44","  220","  350","15.0","19.9",,,,,,,
"USW00024233","SEATTLE TACOMA AIRPORT, WA US","2022-03-29","5.82",,"0.00","0.0","0.0","49","58","44","  210","  230","17.0","25.1","    1",,,,,,
"USW00024233","SEATTLE TACOMA AIRPORT, WA US","2022-03-30","10.96",,"0.00","0.0","0.0","49","56","43","  230","  220","21.9","31.1",,,,,,,"    1"
"USW00024233","SEATTLE TACOMA AIRPORT, WA US","2022-03-31","6.04",,"0.01","0.0","0.0","46","54","41","  260","  250","12.1","18.1",,,,,,,"    1"
"USW00024233","SEATTLE TACOMA AIRPORT, WA US","2022-04-01","8.50",,"0.05","0.0","0.0","47","53","40","  220","  220","19.9","25.1",,,,,,,
"USW00024233","SEATTLE TACOMA AIRPORT, WA US","2022-04-02","9.84",,"0.00","0.0","0.0","47","55","42","  200","  220","21.9","27.1",,,,,,,
"USW00024233","SEATTLE TACOMA AIRPORT, WA US","2022-04-03","12.30",,"0.23","0.0","0.0","48","54","44","  190","  200","28.0","38.0","    1",,,,,,
"USW00024233","SEATTLE TACOMA AIRPORT, WA US","2022-04-04","17.67",,"0.55","0.0","0.0","46","49","38","  240","  240","30.0","46.1","    1",,"    1",,,,"    1"
"USW00024233","SEATTLE TACOMA AIRPORT, WA US","2022-04-05","12.75",,"0.01","0.0","0.0","43","53","39","  210","  200","23.9","36.9",,,,,,,
"USW00024233","SEATTLE TACOMA AIRPORT, WA US","2022-04-06","6.04",,"0.00","0.0","0.0","45","60","33","  300","  290","13.0","16.1","    1",,,,,,
"USW00024233","SEATTLE TACOMA AIRPORT, WA US","2022-04-07","5.82",,"0.00","0.0","0.0","55","73","42","  230","  230","25.1","33.1",,,,,,,
"USW00024233","SEATTLE TACOMA AIRPORT, WA US","2022-04-08","14.99",,"0.06","0.0","0.0","55","56","41","  230","  230","28.0","40.9","    1",,,,,,
"USW00024233","SEATTLE TACOMA AIRPORT, WA US","2022-04-09","10.51",,"0.23","0.0","0.0","43","49","36","  220","  220","23.0","32.0","    1",,,,"    1",,
"USW00024233","SEATTLE TACOMA AIRPORT, WA US","2022-04-10","11.18",,"0.05","0.0","0.0","41","48","36","  220","  200","23.0","32.0","    1",,,,,,
"USW00024233","SEATTLE TACOMA AIRPORT, WA US","2022-04-11","15.66",,"0.02","0.0","0.0","42","53","37","  360","  360","25.1","35.1",,,,,,,
"USW00024233","SEATTLE TACOMA AIRPORT, WA US","2022-04-12","10.29",,"0.01","0.0","0.0","42","47","33","  260","  260","25.9","33.1","    1",,,,,,
"USW00024233","SEATTLE TACOMA AIRPORT, WA US","2022-04-13","6.04",,"0.00","0.0","0.0","38","44","32","   20","   30","14.1","18.1","    1",,,,,,
"USW00024233","SEATTLE TACOMA AIRPORT, WA US","2022-04-14","6.26",,"0.13","0.0","0.0","38","48","35","  210","  200","17.0","21.9","    1",,,,,,
"USW00024233","SEATTLE TACOMA AIRPORT, WA US","2022-04-15","6.93",,"0.00","0.0","0.0","41","50","36","   10","   20","13.0","21.0",,,,,,,
"USW00024233","SEATTLE TACOMA AIRPORT, WA US","2022-04-16","10.51",,"0.01","0.0","0.0","43","48","37","  160","  240","18.1","25.1",,,"    1",,,,
"USW00024233","SEATTLE TACOMA AIRPORT, WA US","2022-04-17","8.05",,"0.00","0.0","0.0","44","58","37","  180","  130","17.0","23.0",,,,,,,
"USW00024233","SEATTLE TACOMA AIRPORT, WA US","2022-04-18","8.72",,"0.23","0.0","0.0","50","52","41","  220","  230","25.9","40.0","    1",,,,,,
"USW00024233","SEATTLE TACOMA AIRPORT, WA US","2022-04-19","8.95",,"0.14","0.0","0.0","44","54","39","  200","  200","19.9","25.9","    1",,,,,,
"USW00024233","SEATTLE TACOMA AIRPORT, WA US","2022-04-20","6.71",,"0.08","0.0","0.0","46","54","38","  160","  150","19.9","29.1",,,,,,,
"USW00024233","SEATTLE TACOMA AIRPORT, WA US","2022-04-21","8.50",,"0.18","0.0","0.0","48","56","42","  160","  200","21.9","31.1","    1",,,,,,
"USW00024233","SEATTLE TACOMA AIRPORT, WA US","2022-04-22","3.80",,"0.01","0.0","0.0","47","58","42","  310","  300","12.1","17.0","    1",,,,,,
"USW00024233","SEATTLE TACOMA AIRPORT, WA US","2022-04-23","5.59",,"0.00","0.0","0.0","50","59","44","  250","  250","12.1","16.1",,,,,,,
"USW00024233","SEATTLE TACOMA AIRPORT, WA US","2022-04-24","7.16",,"0.00","0.0","0.0","53","67","42","  240","  260","15.0","19.9",,,,,,,
"USW00024233","SEATTLE TACOMA AIRPORT, WA US","2022-04-25","9.17",,"0.14","0.0","0.0","53","57","45","  200","  200","17.0","23.0","    1",,,,,,
"USW00024233","SEATTLE TACOMA AIRPORT, WA US","2022-04-26","10.74",,"0.05","0.0","0.0","47","52","41","  210","  190","21.9","30.0","    1",,,,,,
"USW00024233","SEATTLE TACOMA AIRPORT, WA US","2022-04-27","6.04",,"0.00","0.0","0.0","47","56","39","  200","  180","15.0","19.0",,,,,,,
"USW00024233","SEATTLE TACOMA AIRPORT, WA US","2022-04-28","5.37",,"0.00","0.0","0.0","48","57","42","  290","  280","13.0","17.0",,,,,,,
"USW00024233","SEATTLE TACOMA AIRPORT, WA US","2022-04-29","5.59",,"0.14","0.0","0.0","50","60","44","  240","   90","13.0","17.0","    1",,,,,,
"USW00024233","SEATTLE TACOMA AIRPORT, WA US","2022-04-30","7.16",,"0.39","0.0","0.0","53","60","46","  110","  100","15.0","19.9","    1",,,,,,
"USW00024233","SEATTLE TACOMA AIRPORT, WA US","2022-05-01","4.47",,"0.00","0.0","0.0","52","62","44","  260","  260","13.0","17.0",,,,,,,
"USW00024233","SEATTLE TACOMA AIRPORT, WA US","2022-05-02","6.26",,"0.37","0.0","0.0","53","54","47","  230","  230","15.0","19.9","    1",,,,,,
"USW00024233","SEATTLE TACOMA AIRPORT, WA US","2022-05-03","8.50",,"0.00","0.0","0.0","50","54","46","  200","  210","15.0","19.9","    1",,,,,,
"USW00024233","SEATTLE TACOMA AIRPORT, WA US","2022-05-04","4.47",,"0.00","0.0","0.0","51","65","45","  220","  230","10.1","14.1",,,,,,,
"USW00024233","SEATTLE TACOMA AIRPORT, WA US","2022-05-05","9.84",,"0.44","0.0","0.0","51","52","44","  210","  210","23.9","35.1","    1",,,,,,
"USW00024233","SEATTLE TACOMA AIRPORT, WA US","2022-05-06","4.92",,"0.64","0.0","0.0","48","55","42","  280","   60","8.9","13.0","    1",,,,,,
"USW00024233","SEATTLE TACOMA AIRPORT, WA US","2022-05-07","12.30",,"0.47","0.0","0.0","49","55","42","  230","  210","23.9","35.1","    1",,,,,,
"USW00024233","SEATTLE TACOMA AIRPORT, WA US","2022-05-08","7.61",,"0.02","0.0","0.0","46","55","40","  300","  310","15.0","21.9",,,,,,,
"USW00024233","SEATTLE TACOMA AIRPORT, WA US","2022-05-09","8.95",,"0.01","0.0","0.0","47","57","40","  240","  210","18.1","27.1",,,,,,,
"USW00024233","SEATTLE TACOMA AIRPORT, WA US","2022-05-10","8.50",,"0.00","0.0","0.0","49","59","41","  220","  210","15.0","21.9",,,,,,,
"USW00024233","SEATTLE TACOMA AIRPORT, WA US","2022-05-11","8.72",,"0.02","0.0","0.0","51","59","42","  250","  200","17.0","21.9",,,,,,,
"USW00024233","SEATTLE TACOMA AIRPORT, WA US","2022-05-12","10.51",,"0.29","0.0","0.0","49","51","42","  230","  230","23.0","33.1","    1",,,,,,
"USW00024233","SEATTLE TACOMA AIRPORT, WA US","2022-05-13","7.38",,"0.00","0.0","0.0","47","58","40","  210","  220","16.1","21.0",,,,,,,
"USW00024233","SEATTLE TACOMA AIRPORT, WA US","2022-05-14","7.38",,"0.03","0.0","0.0","53","66","46","  270","  250","17.0","25.1","    1",,,,,,
"USW00024233","SEATTLE TACOMA AIRPORT, WA US","2022-05-15","6.26",,"0.65","0.0","0.0","56","59","51","  130","  120","17.0","23.0","    1",,,,,,
"USW00024233","SEATTLE TACOMA AIRPORT, WA US","2022-05-16","11.41",,"0.00","0.0","0.0","55","60","45","  200","  220","21.9","30.0",,,,,,,
"USW00024233","SEATTLE TACOMA AIRPORT, WA US","2022-05-17","7.38",,"0.00","0.0","0.0","51","61","44","  210","  230","13.0","18.1",,,,,,,
"USW00024233","SEATTLE TACOMA AIRPORT, WA US","2022-05-18","16.55",,"0.24","0.0","0.0","52","57","46","  210","  210","29.1","40.9","    1",,,,,,
"USW00024233","SEATTLE TACOMA AIRPORT, WA US","2022-05-19","8.95",,"0.00","0.0","0.0","49","58","43","  220","  210","16.1","23.0",,,,,,,
"USW00024233","SEATTLE TACOMA AIRPORT, WA US","2022-05-20","4.03",,"0.00","0.0","0.0","50","61","41","  350","  310","12.1","19.9",,,,,,,
"USW00024233","SEATTLE TACOMA AIRPORT, WA US","2022-05-21","6.71",,"0.00","0.0","0.0","54","67","44","  290","  350","15.0","21.0",,,,,,,
"USW00024233","SEATTLE TACOMA AIRPORT, WA US","2022-05-22","5.82",,"0.00","0.0","0.0","58","71","46","   30","   30","12.1","16.1",,,,,,,
"USW00024233","SEATTLE TACOMA AIRPORT, WA US","2022-05-23","6.93",,"0.00","0.0","0.0","59","66","51","  210","  210","15.0","19.0",,,,,,,
"USW00024233","SEATTLE TACOMA AIRPORT, WA US","2022-05-24","5.59",,"0.00","0.0","0.0","56","59","51","  230","  220","10.1","14.1",,,,,,,
"USW00024233","SEATTLE TACOMA AIRPORT, WA US","2022-05-25","7.83",,"0.02","0.0","0.0","56","68","51","  210","  210","19.9","27.1","    1",,,,,,
"USW00024233","SEATTLE TACOMA AIRPORT, WA US","2022-05-26","4.47",,"0.24","0.0","0.0","58","66","50","  230","  230","10.1","14.1","    1",,,,,,
"USW00024233","SEATTLE TACOMA AIRPORT, WA US","2022-05-27","11.63",,"0.00","0.0","0.0","57","62","49","  220","  200","21.0","30.0","    1",,,,,,
"USW00024233","SEATTLE TACOMA AIRPORT, WA US","2022-05-28","7.16",,"0.15","0.0","0.0","53","58","48","  350","  350","16.1","21.0","    1",,,,,,
"USW00024233","SEATTLE TACOMA AIRPORT, WA US","2022-05-29","9.84",,"0.23","0.0","0.0","51","56","48","  200","  200","19.9","27.1","    1",,,,,,
"USW00024233","SEATTLE TACOMA AIRPORT, WA US","2022-05-30","4.70",,"0.00","0.0","0.0","51","60","45","   20","   30","10.1","14.1",,,,,,,
"USW00024233","SEATTLE TACOMA AIRPORT, WA US","2022-05-31","7.61",,"0.00","0.0","0.0","56","70","47","  350","  360","17.0","21.0",,,,,,,
"USW00024233","SEATTLE TACOMA AIRPORT, WA US","2022-06-01","6.04",,"0.00","0.0","0.0","61","71","53","  360","  340","12.1","16.1",,,,,,,
"USW00024233","SEATTLE TACOMA AIRPORT, WA US","2022-06-02","3.80",,"0.03","0.0","0.0","62","73","53","   70","   60","10.1","13.0","    1",,"    1",,,,
"USW00024233","SEATTLE TACOMA AIRPORT, WA US","2022-06-03","6.93",,"0.17","0.0","0.0","60","62","53","  250","  250","18.1","25.9","    1",,,,,,
"USW00024233","SEATTLE TACOMA AIRPORT, WA US","2022-06-04","5.59",,"0.27","0.0","0.0","59","68","54","  230","  220","15.0","19.0","    1",,,,,,
"USW00024233","SEATTLE TACOMA AIRPORT, WA US","2022-06-05","9.17",,"0.56","0.0","0.0","60","65","53","  210","  210","23.0","30.0","    1",,,,,,
"USW00024233","SEATTLE TACOMA AIRPORT, WA US","2022-06-06","6.04",,"0.00","0.0","0.0","56","64","51","  220","  220","13.0","16.1",,,,,,,
"USW00024233","SEATTLE TACOMA AIRPORT, WA US","2022-06-07","7.83",,"0.00","0.0","0.0","59","72","51","  230","  230","16.1","21.9",,,,,,,
"USW00024233","SEATTLE TACOMA AIRPORT, WA US","2022-06-08","6.26",,"0.00","0.0","0.0","62","70","56","  260","  270","12.1","16.1",,,,,,,
"USW00024233","SEATTLE TACOMA AIRPORT, WA US","2022-06-09","4.47",,"1.10","0.0","0.0","58","59","53","  150","   60","12.1","17.0","    1",,,,,,
"USW00024233","SEATTLE TACOMA AIRPORT, WA US","2022-06-10","8.28",,"0.17","0.0","0.0","60","67","55","  210","  210","14.1","21.9","    1",,,,,,
"USW00024233","SEATTLE TACOMA AIRPORT, WA US","2022-06-11","7.61",,"0.01","0.0","0.0","59","69","54","  200","  200","15.0","21.0","    1",,,,,,
"USW00024233","SEATTLE TACOMA AIRPORT, WA US","2022-06-12","7.61",,"0.01","0.0","0.0","57","57","50","  220","  210","18.1","28.0","    1",,,,,,
"USW00024233","SEATTLE TACOMA AIRPORT, WA US","2022-06-13","14.09",,"0.11","0.0","0.0","53","60","48","  210","  200","23.9","33.1","    1",,,,,,"    1"
"USW00024233","SEATTLE TACOMA AIRPORT, WA US","2022-06-14","6.93",,"0.01","0.0","0.0","53","63","48","  210","  210","17.0","23.0","    1",,,,,,
"USW00024233","SEATTLE TACOMA AIRPORT, WA US","2022-06-15","3.80",,"0.00","0.0","0.0","55","62","50","  240","  240","8.9","13.0",,,,,,,
"USW00024233","SEATTLE TACOMA AIRPORT, WA US","2022-06-16","6.26",,"0.01","0.0","0.0","57","67","50","  230","  200","13.0","19.0","    1",,,,,,
"USW00024233","SEATTLE TACOMA AIRPORT, WA US","2022-06-17","8.05",,"0.16","0.0","0.0","58","57","53","  340","  340","15.0","21.0","    1",,,,,,
"USW00024233","SEATTLE TACOMA AIRPORT, WA US","2022-06-18","9.84",,"0.01","0.0","0.0","55","63","52","  200","  190","15.0","19.9",,,,,,,
"USW00024233","SEATTLE TACOMA AIRPORT, WA US","2022-06-19","6.71",,"0.00","0.0","0.0","57","66","52","  210","  210","13.0","18.1",,,,,,,
"USW00024233","SEATTLE TACOMA AIRPORT, WA US","2022-06-20","4.92",,"0.00","0.0","0.0","58","68","52","  270","  280","12.1","16.1",,,,,,,
"USW00024233","SEATTLE TACOMA AIRPORT, WA US","2022-06-21","4.47",,"0.00","0.0","0.0","61","76","50","  280","  290","12.1","16.1",,,,,,,"    1"
"USW00024233","SEATTLE TACOMA AIRPORT, WA US","2022-06-22","4.92",,"0.04","0.0","0.0","63","68","56","   10","  360","13.0","17.0","    1",,,,,,
"USW00024233","SEATTLE TACOMA AIRPORT, WA US","2022-06-23","8.05",,"0.00","0.0","0.0","60","71","51","  350","  350","17.0","21.9",,,,,,,
"USW00024233","SEATTLE TACOMA AIRPORT, WA US","2022-06-24","9.40",,"0.00","0.0","0.0","63","77","52","  350","  360","17.0","25.1",,,,,,,
"USW00024233","SEATTLE TACOMA AIRPORT, WA US","2022-06-25","12.97",,"0.00","0.0","0.0","71","87","58","   10","   10","19.9","25.1",,,,,,,
"USW00024233","SEATTLE TACOMA AIRPORT, WA US","2022-06-26","12.08",,"0.00","0.0","0.0","78","90","67","  350","  350","19.9","25.9",,,,,,,
"USW00024233","SEATTLE TACOMA AIRPORT, WA US","2022-06-27","6.49",,"0.00","0.0","0.0","78","91","57","  230","  200","16.1","23.0",,,,,,,"    1"
"USW00024233","SEATTLE TACOMA AIRPORT, WA US","2022-06-28","9.84",,"0.01","0.0","0.0","65","65","56","  220","  200","16.1","25.9","    1",,,,,,"    1"
"USW00024233","SEATTLE TACOMA AIRPORT, WA US","2022-06-29","7.83",,"0.00","0.0","0.0","58","69","54","  220","  230","16.1","21.0",,,,,,,
"USW00024233","SEATTLE TACOMA AIRPORT, WA US","2022-06-30","8.50",,"0.00","0.0","0.0","62","75","54","  300","  280","15.0","21.9",,,,,,,
"USW00024233","SEATTLE TACOMA AIRPORT, WA US","2022-07-01","5.82",,"0.00","0.0","0.0","65","75","55","  240","  200","13.0","16.1",,,,,,,
"USW00024233","SEATTLE TACOMA AIRPORT, WA US","2022-07-02","5.59",,"0.00","0.0","0.0","62","67","54","  220","  220","13.0","16.1",,,,,,,
"USW00024233","SEATTLE TACOMA AIRPORT, WA US","2022-07-03","7.83",,"0.09","0.0","0.0","58","58","52","  200","  150","13.0","19.0","    1",,,,,,
"USW00024233","SEATTLE TACOMA AIRPORT, WA US","2022-07-04","5.82",,"0.00","0.0","0.0","57","72","51","  230","  220","12.1","16.1","    1",,,,,,"    1"
"USW00024233","SEATTLE TACOMA AIRPORT, WA US","2022-07-05","5.82",,"0.02","0.0","0.0","63","76","53","  300","  320","12.1","17.0","    1",,,,,,"    1"
"USW00024233","SEATTLE TACOMA AIRPORT, WA US","2022-07-06","5.59",,"0.05","0.0","0.0","64","74","60","  250","  220","13.0","16.1","    1",,,,,,
"USW00024233","SEATTLE TACOMA AIRPORT, WA US","2022-07-07","5.59",,"0.00","0.0","0.0","66","77","58","  240","  190","12.1","16.1",,,,,,,
"USW00024233","SEATTLE TACOMA AIRPORT, WA US","2022-07-08","6.71",,"0.00","0.0","0.0","67","77","60","   40","   30","15.0","19.0",,,,,,,
"USW00024233","SEATTLE TACOMA AIRPORT, WA US","2022-07-09","6.49",,"0.00","0.0","0.0","67","77","58","   40","   40","15.0","19.0",,,,,,,
"USW00024233","SEATTLE TACOMA AIRPORT, WA US","2022-07-10","7.83",,"0.00","0.0","0.0","65","75","58","   20","  250","13.0","17.0",,,,,,,
"USW00024233","SEATTLE TACOMA AIRPORT, WA US","2022-07-11","9.84",,"0.00","0.0","0.0","70","86","60","  350","  320","15.0","19.9",,,,,,,
"USW00024233","SEATTLE TACOMA AIRPORT, WA US","2022-07-12","7.16",,"0.00","0.0","0.0","74","85","59","   10","   20","14.1","19.0",,,,,,,
"USW00024233","SEATTLE TACOMA AIRPORT, WA US","2022-07-13","7.83",,"0.00","0.0","0.0","66","77","55","   30","   30","16.1","19.9",,,,,,,
"USW00024233","SEATTLE TACOMA AIRPORT, WA US","2022-07-14","4.70",,"0.00","0.0","0.0","65","80","53","   30","  360","12.1","15.0",,,,,,,
"USW00024233","SEATTLE TACOMA AIRPORT, WA US","2022-07-15","8.72",,"0.00","0.0","0.0","66","78","54","  200","  210","15.0","19.9",,,,,,,
"USW00024233","SEATTLE TACOMA AIRPORT, WA US","2022-07-16","8.05",,"0.00","0.0","0.0","66","71","60","   20","  200","13.0","17.0",,,,,,,
"USW00024233","SEATTLE TACOMA AIRPORT, WA US","2022-07-17","4.92",,"0.01","0.0","0.0","62","69","57","   50","   50","13.0","17.0",,,,,,,
"USW00024233","SEATTLE TACOMA AIRPORT, WA US","2022-07-18","7.38",,"0.01","0.0","0.0","61","74","54","   20","  360","14.1","18.1","    1",,,,,,
"USW00024233","SEATTLE TACOMA AIRPORT, WA US","2022-07-19","9.84",,"0.00","0.0","0.0","66","83","55","  350","  350","16.1","21.0","    1",,,,,,"    1"
"USW00024233","SEATTLE TACOMA AIRPORT, WA US","2022-07-20","5.14",,"0.00","0.0","0.0","71","84","59","   40","   40","12.1","15.0",,,,,,,"    1"
"USW00024233","SEATTLE TACOMA AIRPORT, WA US","2022-07-21","6.93",,"0.00","0.0","0.0","69","81","57","  200","  250","13.0","17.0",,,,,,,"    1"
"USW00024233","SEATTLE TACOMA AIRPORT, WA US","2022-07-22","8.05",,"0.00","0.0","0.0","65","72","57","  260","  250","13.0","19.9",,,,,,,
"USW00024233","SEATTLE TACOMA AIRPORT, WA US","2022-07-23","5.59",,"0.00","0.0","0.0","63","72","57","  350","  250","10.1","17.0",,,,,,,
"USW00024233","SEATTLE TACOMA AIRPORT, WA US","2022-07-24","7.38",,"0.00","0.0","0.0","67","84","56","  340","  340","21.0","29.1",,,,,,,
"USW00024233","SEATTLE TACOMA AIRPORT, WA US","2022-07-25","8.50",,"0.00","0.0","0.0","74","87","62","   20","  360","14.1","19.0",,,,,,,
"USW00024233","SEATTLE TACOMA AIRPORT, WA US","2022-07-26","5.14",,"0.00","0.0","0.0","78","94","65","  290","  300","12.1","16.1",,,,,,,
"USW00024233","SEATTLE TACOMA AIRPORT, WA US","2022-07-27","6.04",,"0.00","0.0","0.0","77","91","61","  280","  290","8.9","14.1",,,,,,,
"USW00024233","SEATTLE TACOMA AIRPORT, WA US","2022-07-28","5.82",,"0.00","0.0","0.0","76","94","61","  350","   10","16.1","21.9",,,,,,,
"USW00024233","SEATTLE TACOMA AIRPORT, WA US","2022-07-29","5.59",,"0.00","0.0","0.0","78","95","63","  360","   20","15.0","21.9",,,,,,,
"USW00024233","SEATTLE TACOMA AIRPORT, WA US","2022-07-30","5.59",,"0.00","0.0","0.0","79","95","63","  340","  320","13.0","18.1",,,,,,,
"USW00024233","SEATTLE TACOMA AIRPORT, WA US","2022-07-31","5.37",,"0.00","0.0","0.0","80","95","65","  360","  300","10.1","16.1",,,,,,,
"USW00024233","SEATTLE TACOMA AIRPORT, WA US","2022-08-01","7.83",,"0.00","0.0","0.0","74","81","61","  240","  190","14.1","19.9",,,,,,,
"USW00024233","SEATTLE TACOMA AIRPORT, WA US","2022-08-02","6.93",,"0.00","0.0","0.0","66","77","58","  230","  260","13.0","19.9",,,,,,,
"USW00024233","SEATTLE TACOMA AIRPORT, WA US","2022-08-03","9.40",,"0.00","0.0","0.0","64","74","53","  230","  240","18.1","25.9",,,,,,,
"USW00024233","SEATTLE TACOMA AIRPORT, WA US","2022-08-04","12.30",,"0.00","0.0","0.0","63","70","58","   20","   20","18.1","25.1",,,,,,,"    1"
"USW00024233","SEATTLE TACOMA AIRPORT, WA US","2022-08-05","10.74",,"0.00","0.0","0.0","64","76","55","  350","  350","16.1","23.0",,,,,,,
"USW00024233","SEATTLE TACOMA AIRPORT, WA US","2022-08-06","7.38",,"0.00","0.0","0.0","69","84","56","  360","   10","17.0","23.0",,,,,,,
"USW00024233","SEATTLE TACOMA AIRPORT, WA US","2022-08-07","7.61",,"0.00","0.0","0.0","74","90","61","  340","   20","13.0","18.1",,,,,,,
"USW00024233","SEATTLE TACOMA AIRPORT, WA US","2022-08-08","6.26",,"0.00","0.0","0.0","76","91","61","  330","  340","14.1","17.0",,,,,,,
"USW00024233","SEATTLE TACOMA AIRPORT, WA US","2022-08-09","4.70",,"0.00","0.0","0.0","67","79","59","  260","  250","10.1","15.0",,,,,,,
"USW00024233","SEATTLE TACOMA AIRPORT, WA US","2022-08-10","6.49",,"0.03","0.0","0.0","66","70","59","  250","  240","14.1","21.0","    1",,"    1",,,,"    1"
"USW00024233","SEATTLE TACOMA AIRPORT, WA US","2022-08-11","4.92",,"0.00","0.0","0.0","66","81","58","  300","  290","12.1","16.1",,,,,,,
"USW00024233","SEATTLE TACOMA AIRPORT, WA US","2022-08-12","8.72",,"0.00","0.0","0.0","67","78","56","  220","  230","17.0","25.1",,,,,,,
"USW00024233","SEATTLE TACOMA AIRPORT, WA US","2022-08-13","8.05",,"0.00","0.0","0.0","67","75","60","  210","  200","15.0","21.0",,,,,,,
"USW00024233","SEATTLE TACOMA AIRPORT, WA US","2022-08-14","6.71",,"0.00","0.0","0.0","67","82","59","  360","   50","12.1","18.1",,,,,,,
"USW00024233","SEATTLE TACOMA AIRPORT, WA US","2022-08-15","4.47",,"0.00","0.0","0.0","70","84","58","   30","  270","10.1","14.1",,,,,,,
"USW00024233","SEATTLE TACOMA AIRPORT, WA US","2022-08-16","6.93",,"0.00","0.0","0.0","68","83","58","   30","   30","14.1","19.0","    1",,,,,,"    1"
"USW00024233","SEATTLE TACOMA AIRPORT, WA US","2022-08-17","8.05",,"0.00","0.0","0.0","74","90","63","   20","  340","14.1","19.0",,,,,,,
"USW00024233","SEATTLE TACOMA AIRPORT, WA US","2022-08-18","5.37",,"0.00","0.0","0.0","78","87","68","  300","   50","12.1","14.1",,,,,,,
"USW00024233","SEATTLE TACOMA AIRPORT, WA US","2022-08-19","7.38",,"0.02","0.0","0.0","74","79","63","  230","  200","14.1","19.0",,,"    1",,,,
"USW00024233","SEATTLE TACOMA AIRPORT, WA US","2022-08-20","6.71",,"0.00","0.0","0.0","68","77","62","  200","  210","10.1","16.1",,,,,,,
"USW00024233","SEATTLE TACOMA AIRPORT, WA US","2022-08-21","4.70",,"0.00","0.0","0.0","68","81","62","  270","  240","12.1","15.0",,,,,,,
"USW00024233","SEATTLE TACOMA AIRPORT, WA US","2022-08-22","4.47",,"0.00","0.0","0.0","70","84","59","  360","   10","10.1","14.1",,,,,,,
"USW00024233","SEATTLE TACOMA AIRPORT, WA US","2022-08-23","6.71",,"0.00","0.0","0.0","67","81","57","  350","  350","18.1","27.1","    1",,,,,,
"USW00024233","SEATTLE TACOMA AIRPORT, WA US","2022-08-24","6.26",,"0.00","0.0","0.0","72","87","59","  360","  330","14.1","23.0",,,,,,,
"USW00024233","SEATTLE TACOMA AIRPORT, WA US","2022-08-25","5.59",,"0.00","0.0","0.0","75","89","60","  200","  200","13.0","16.1",,,,,,,
"USW00024233","SEATTLE TACOMA AIRPORT, WA US","2022-08-26","9.62",,"0.00","0.0","0.0","67","72","60","  220","  230","14.1","21.0","    1",,,,,,
"USW00024233","SEATTLE TACOMA AIRPORT, WA US","2022-08-27","8.50",,"0.00","0.0","0.0","63","70","57","  240","  210","16.1","21.0","    1",,,,,,
"USW00024233","SEATTLE TACOMA AIRPORT, WA US","2022-08-28","6.71",,"0.00","0.0","0.0","62","77","53","  340","   10","14.1","18.1",,,,,,,
"USW00024233","SEATTLE TACOMA AIRPORT, WA US","2022-08-29","9.17",,"0.00","0.0","0.0","68","85","56","  350","  350","17.0","21.0",,,,,,,
"USW00024233","SEATTLE TACOMA AIRPORT, WA US","2022-08-30","8.05",,"0.00","0.0","0.0","75","90","62","  350","  350","14.1","19.9",,,,,,,
"USW00024233","SEATTLE TACOMA AIRPORT, WA US","2022-08-31","6.71",,"0.00","0.0","0.0","75","85","60","  240","  240","16.1","21.0",,,,,,,
"USW00024233","SEATTLE TACOMA AIRPORT, WA US","2022-09-01","5.37",,"0.00","0.0","0.0","65","79","58","  220","   10","10.1","13.0","    1",,,,,,"    1"
"USW00024233","SEATTLE TACOMA AIRPORT, WA US","2022-09-02","5.82",,"0.00","0.0","0.0","66","80","56","  220","  220","14.1","18.1",,,,,,,
"USW00024233","SEATTLE TACOMA AIRPORT, WA US","2022-09-03","6.93",,"0.06","0.0","0.0","64","74","57","  140","  170","13.0","18.1","    1",,,,,,
"USW00024233","SEATTLE TACOMA AIRPORT, WA US","2022-09-04","8.05",,"0.01","0.0","0.0","66","76","57","  250","  260","16.1","21.9",,,,,,,
"USW00024233","SEATTLE TACOMA AIRPORT, WA US","2022-09-05","7.16",,"0.00","0.0","0.0","64","75","55","  340","  340","16.1","23.0",,,,,,,
"USW00024233","SEATTLE TACOMA AIRPORT, WA US","2022-09-06","8.50",,"0.00","0.0","0.0","65","80","54","   30","   30","15.0","19.9",,,,,,,
"USW00024233","SEATTLE TACOMA AIRPORT, WA US","2022-09-07","7.61",,"0.00","0.0","0.0","68","78","58","   10","   30","16.1","21.9",,,,,,,
"USW00024233","SEATTLE TACOMA AIRPORT, WA US","2022-09-08","8.72",,"0.00","0.0","0.0","64","73","52","  360","  350","21.0","25.9",,,,,,,
"USW00024233","SEATTLE TACOMA AIRPORT, WA US","2022-09-09","16.11",,"0.00","0.0","0.0","64","78","55","   10","   30","25.1","33.1",,,,,,,
"USW00024233","SEATTLE TACOMA AIRPORT, WA US","2022-09-10","11.18",,"0.00","0.0","0.0","71","92","58","   30","   30","21.9","25.9",,,,,,,"    1"
"USW00024233","SEATTLE TACOMA AIRPORT, WA US","2022-09-11","7.83",,"0.00","0.0","0.0","71","72","60","  150","  260","15.0","18.1",,,,,,,"    1"
"USW00024233","SEATTLE TACOMA AIRPORT, WA US","2022-09-12","4.92",,"0.00","0.0","0.0","65","72","60","  280","  260","12.1","17.0","    1",,,,,,"    1"
"USW00024233","SEATTLE TACOMA AIRPORT, WA US","2022-09-13","3.80",,"0.00","0.0","0.0","65","69","59","  250","   20","8.9","13.0",,,,,,,
"USW00024233","SEATTLE TACOMA AIRPORT, WA US","2022-09-14","4.03",,"0.00","0.0","0.0","64","70","58","   20","   50","12.1","14.1",,,,,,,"    1"
"USW00024233","SEATTLE TACOMA AIRPORT, WA US","2022-09-15","4.92",,"0.00","0.0","0.0","62","69","57","   10","   10","8.9","13.0",,,,,,,
"USW00024233","SEATTLE TACOMA AIRPORT, WA US","2022-09-16","6.93",,"0.15","0.0","0.0","59","69","54","   60","   60","14.1","19.0","    1",,,,,,
"USW00024233","SEATTLE TACOMA AIRPORT, WA US","2022-09-17","9.17",,"0.00","0.0","0.0","59","68","51","   10","   10","18.1","25.1",,,,,,,
"USW00024233","SEATTLE TACOMA AIRPORT, WA US","2022-09-18","11.41",,"0.00","0.0","0.0","60","74","55","   20","   30","19.9","25.9",,,,,,,
"USW00024233","SEATTLE TACOMA AIRPORT, WA US","2022-09-19","6.04",,"0.00","0.0","0.0","63","77","49","   40","  360","15.0","18.1",,,,,,,
"USW00024233","SEATTLE TACOMA AIRPORT, WA US","2022-09-20","11.86",,"0.00","0.0","0.0","66","78","55","  350","   10","18.1","25.1",,,,,,,"    1"
"USW00024233","SEATTLE TACOMA AIRPORT, WA US","2022-09-21","5.82",,"0.00","0.0","0.0","65","77","50","   20","   10","15.0","21.9",,,,,,,"    1"
"USW00024233","SEATTLE TACOMA AIRPORT, WA US","2022-09-22","12.08",,"0.00","0.0","0.0","62","70","54","  210","  210","21.9","30.0",,,,,,,
"USW00024233","SEATTLE TACOMA AIRPORT, WA US","2022-09-23","5.37",,"0.00","0.0","0.0","61","69","55","  170","  170","13.0","16.1",,,,,,,
"USW00024233","SEATTLE TACOMA AIRPORT, WA US","2022-09-24","6.71",,"0.00","0.0","0.0","62","75","51","   20","   30","15.0","21.9",,,,,,,
"USW00024233","SEATTLE TACOMA AIRPORT, WA US","2022-09-25","7.61",,"0.00","0.0","0.0","64","80","53","  360","   30","14.1","18.1",,,,,,,
"USW00024233","SEATTLE TACOMA AIRPORT, WA US","2022-09-26","3.36",,"0.00","0.0","0.0","66","82","55","   30","   20","14.1","18.1",,,,,,,
"USW00024233","SEATTLE TACOMA AIRPORT, WA US","2022-09-27","5.82",,"0.00","0.0","0.0","66","76","53","  210","  210","15.0","19.9","    1",,,,,,"    1"
"USW00024233","SEATTLE TACOMA AIRPORT, WA US","2022-09-28","5.37",,"0.03","0.0","0.0","58","65","54","  130","  140","13.0","18.1","    1",,,,,,
"USW00024233","SEATTLE TACOMA AIRPORT, WA US","2022-09-29","6.04",,"0.00","0.0","0.0","61","70","56","   10","  350","15.0","19.9",,,,,,,
"USW00024233","SEATTLE TACOMA AIRPORT, WA US","2022-09-30","7.83",,"0.00","0.0","0.0","60","70","53","   40","   50","13.0","18.1",,,,,,,
"USW00024233","SEATTLE TACOMA AIRPORT, WA US","2022-10-01","9.62",,"0.00","0.0","0.0","64","78","54","  340","   20","16.1","21.0","    1",,,,,,"    1"
"USW00024233","SEATTLE TACOMA AIRPORT, WA US","2022-10-02","4.25",,"0.00","0.0","0.0","66","80","55","   20","   30","14.1","18.1",,,,,,,"    1"
"USW00024233","SEATTLE TACOMA AIRPORT, WA US","2022-10-03","3.13",,"0.00","0.0","0.0","65","78","53","  290","  310","8.1","12.1","    1",,,,,,"    1"
"USW00024233","SEATTLE TACOMA AIRPORT, WA US","2022-10-04","5.37",,"0.00","0.0","0.0","59","64","53","  210","  220","10.1","13.0","    1","    1",,,,,"    1"
"USW00024233","SEATTLE TACOMA AIRPORT, WA US","2022-10-05","3.80",,"0.00","0.0","0.0","58","64","53","   50","   20","8.1","13.0","    1",,,,,,"    1"
"USW00024233","SEATTLE TACOMA AIRPORT, WA US","2022-10-06","5.59",,"0.00","0.0","0.0","59","74","53","   10","   20","14.1","18.1","    1","    1",,,,,"    1"
"USW00024233","SEATTLE TACOMA AIRPORT, WA US","2022-10-07","3.80",,"0.00","0.0","0.0","63","77","53","   10","   10","8.9","13.0","    1",,,,,,"    1"
"USW00024233","SEATTLE TACOMA AIRPORT, WA US","2022-10-08","3.58",,"0.00","0.0","0.0","64","77","53","   10","  280","12.1","17.0","    1",,,,,,"    1"
"USW00024233","SEATTLE TACOMA AIRPORT, WA US","2022-10-09","3.80",,"0.00","0.0","0.0","62","74","51","   30","   20","10.1","15.0","    1",,,,,,"    1"
"USW00024233","SEATTLE TACOMA AIRPORT, WA US","2022-10-10","5.82",,"0.01","0.0","0.0","61","69","51","   40","   30","17.0","21.9","    1",,,,,,"    1"
"USW00024233","SEATTLE TACOMA AIRPORT, WA US","2022-10-11","5.82",,"0.00","0.0","0.0","58","68","48","   30","  270","10.1","17.0",,,,,,,
"USW00024233","SEATTLE TACOMA AIRPORT, WA US","2022-10-12","8.28",,"0.00","0.0","0.0","58","69","49","   30","   20","15.0","19.9",,,,,,,
"USW00024233","SEATTLE TACOMA AIRPORT, WA US","2022-10-13","4.03",,"0.00","0.0","0.0","58","75","48","   20","   10","8.9","13.0","    1",,,,,,"    1"
"USW00024233","SEATTLE TACOMA AIRPORT, WA US","2022-10-14","4.92",,"0.00","0.0","0.0","60","73","48","   20","   40","14.1","16.1","    1",,,,,,"    1"
"USW00024233","SEATTLE TACOMA AIRPORT, WA US","2022-10-15","9.40",,"0.00","0.0","0.0","62","77","54","  360","   10","16.1","21.9",,,,,,,"    1"
"USW00024233","SEATTLE TACOMA AIRPORT, WA US","2022-10-16","6.49",,"0.00","0.0","0.0","70","88","55","  200","  190","15.0","18.1",,,,,,,"    1"
"USW00024233","SEATTLE TACOMA AIRPORT, WA US","2022-10-17","5.37",,"0.00","0.0","0.0","59","67","52","  140","  240","12.1","14.1",,,,,,,
"USW00024233","SEATTLE TACOMA AIRPORT, WA US","2022-10-18","3.13",,"0.00","0.0","0.0","57","68","47","   30","   20","8.1","14.1","    1",,,,,,"    1"
"USW00024233","SEATTLE TACOMA AIRPORT, WA US","2022-10-19","4.70",,"0.00","0.0","0.0","56","67","48","  360","   20","12.1","17.0","    1","    1",,,,,"    1"
"USW00024233","SEATTLE TACOMA AIRPORT, WA US","2022-10-20","4.25",,"0.00","0.0","0.0","55","63","48","  210","  210","12.1","17.0","    1",,,,,,"    1"
"USW00024233","SEATTLE TACOMA AIRPORT, WA US","2022-10-21","8.28",,"0.31","0.0","0.0","52","53","46","  230","  230","19.9","25.9","    1",,,,,,
"USW00024233","SEATTLE TACOMA AIRPORT, WA US","2022-10-22","4.92",,"0.41","0.0","0.0","47","50","43","  160","   90","10.1","18.1","    1",,,,,,
"USW00024233","SEATTLE TACOMA AIRPORT, WA US","2022-10-23","5.82",,"0.00","0.0","0.0","46","55","41","  180","  180","12.1","15.0",,,,,,,
"USW00024233","SEATTLE TACOMA AIRPORT, WA US","2022-10-24","8.95",,"0.10","0.0","0.0","50","57","45","  230","  220","18.1","28.0","    1",,,,,,"    1"
"USW00024233","SEATTLE TACOMA AIRPORT, WA US","2022-10-25","11.86",,"0.47","0.0","0.0","49","51","45","  180","  170","21.0","32.0","    1",,,,,,
"USW00024233","SEATTLE TACOMA AIRPORT, WA US","2022-10-26","8.72",,"0.00","0.0","0.0","46","53","41","  180","  190","16.1","25.1",,,,,,,
"USW00024233","SEATTLE TACOMA AIRPORT, WA US","2022-10-27","13.65",,"0.00","0.0","0.0","52","59","49","  200","  190","23.9","32.0",,,,,,,"    1"
"USW00024233","SEATTLE TACOMA AIRPORT, WA US","2022-10-28","7.16",,"0.28","0.0","0.0","54","57","47","  250","  250","21.0","28.0","    1",,,,,,
"USW00024233","SEATTLE TACOMA AIRPORT, WA US","2022-10-29","6.93",,"0.00","0.0","0.0","50","56","43","  180","  180","13.0","17.0","    1",,,,,,
"USW00024233","SEATTLE TACOMA AIRPORT, WA US","2022-10-30","13.20",,"0.29","0.0","0.0","52","56","50","  190","  190","23.0","32.0","    1",,,,,,"    1"
"USW00024233","SEATTLE TACOMA AIRPORT, WA US","2022-10-31","9.62",,"0.64","0.0","0.0","53","54","46","  200","  210","23.9","36.9","    1",,,,,,
"USW00024233","SEATTLE TACOMA AIRPORT, WA US","2022-11-01","4.92",,"0.13","0.0","0.0","47","51","41","  170","  170","14.1","18.1","    1",,,,,,
"USW00024233","SEATTLE TACOMA AIRPORT, WA US","2022-11-02","5.82",,"0.05","0.0","0.0","43","46","38","  220","  200","12.1","18.1","    1",,,,,,
"USW00024233","SEATTLE TACOMA AIRPORT, WA US","2022-11-03","7.83",,"0.29","0.0","0.0","41","44","37","  150","  150","17.0","25.1","    1",,,,,,
"USW00024233","SEATTLE TACOMA AIRPORT, WA US","2022-11-04","18.57",,"0.21","0.0","0.0","48","57","42","  220","  210","32.0","51.0","    1",,,,,,
"USW00024233","SEATTLE TACOMA AIRPORT, WA US","2022-11-05","10.74",,"0.00","0.0","0.0","49","51","41","  220","  220","21.0","31.1",,,,,,,
"USW00024233","SEATTLE TACOMA AIRPORT, WA US","2022-11-06","8.95",,"0.76","0.0","0.0","43","45","38","  130","  130","25.1","34.0","    1",,,,,,
"USW00024233","SEATTLE TACOMA AIRPORT, WA US","2022-11-07","6.93",,"0.23","0.0","0.0","40","45","37","  360","  270","14.1","21.0","    1",,"    1","    1",,,
"USW00024233","SEATTLE TACOMA AIRPORT, WA US","2022-11-08","18.12",,"0.00","0.0","0.0","39","43","35","   20","   30","25.9","33.1",,,,,,,
"USW00024233","SEATTLE TACOMA AIRPORT, WA US","2022-11-09","6.93",,"0.00","0.0","0.0","38","45","32","   20","   40","15.0","19.0",,,,,,,
"USW00024233","SEATTLE TACOMA AIRPORT, WA US","2022-11-10","3.13",,"0.00","0.0","0.0","40","46","35","   50","   60","8.1","15.0",,,,,,,
"USW00024233","SEATTLE TACOMA AIRPORT, WA US","2022-11-11","7.16",,"0.00","0.0","0.0","42","49","37","   80","   80","18.1","21.0",,,,,,,
"USW00024233","SEATTLE TACOMA AIRPORT, WA US","2022-11-12","5.37",,"0.00","0.0","0.0","42","50","33","   40","   70","8.9","17.0",,,,,,,
"USW00024233","SEATTLE TACOMA AIRPORT, WA US","2022-11-13","6.71",,"0.00","0.0","0.0","41","49","35","   20","  100","14.1","19.9","    1",,,,,,
"USW00024233","SEATTLE TACOMA AIRPORT, WA US","2022-11-14","10.96",,"0.00","0.0","0.0","42","52","36","   20","   10","17.0","21.9","    1",,,,,,
"USW00024233","SEATTLE TACOMA AIRPORT, WA US","2022-11-15","7.83",,"0.00","0.0","0.0","43","54","34","   20","   20","14.1","16.1",,,,,,,
"USW00024233","SEATTLE TACOMA AIRPORT, WA US","2022-11-16","6.49",,"0.00","0.0","0.0","41","51","31","   30","   30","13.0","16.1","    1","    1",,,,,
"USW00024233","SEATTLE TACOMA AIRPORT, WA US","2022-11-17","14.54",,"0.00","0.0","0.0","43","51","36","   90","   80","25.9","40.0","    1",,,,,,
"USW00024233","SEATTLE TACOMA AIRPORT, WA US","2022-11-18","7.83",,"0.00","0.0","0.0","42","51","30","   60","  100","15.0","21.0",,,,,,,
"USW00024233","SEATTLE TACOMA AIRPORT, WA US","2022-11-19","6.26",,"0.00","0.0","0.0","40","50","31","   10","  270","12.1","19.9",,,,,,,
"USW00024233","SEATTLE TACOMA AIRPORT, WA US","2022-11-20","2.01",,"0.00","0.0","0.0","40","52","32","  100","   60","6.9","10.1",,,,,,,
"USW00024233","SEATTLE TACOMA AIRPORT, WA US","2022-11-21","3.58",,"0.00","0.0","0.0","44","48","39","  120","  150","8.9","13.0",,,,,,,
"USW00024233","SEATTLE TACOMA AIRPORT, WA US","2022-11-22","7.38",,"1.20","0.0","0.0","46","49","44","  160","  170","15.0","19.9","    1",,,,,,"    1"
"USW00024233","SEATTLE TACOMA AIRPORT, WA US","2022-11-23","3.80",,"0.00","0.0","0.0","48","53","41","  180","  180","10.1","15.0",,,,,,,
"USW00024233","SEATTLE TACOMA AIRPORT, WA US","2022-11-24","4.92",,"0.00","0.0","0.0","44","52","36","  110","  120","14.1","17.0","    1","    1",,,,,
"USW00024233","SEATTLE TACOMA AIRPORT, WA US","2022-11-25","9.84",,"0.64","0.0","0.0","47","49","36","   20","   20","25.1","32.0","    1","    1",,,,,"    1"
"USW00024233","SEATTLE TACOMA AIRPORT, WA US","2022-11-26","10.74",,"0.16","0.0","0.0","39","45","34","  180","  190","29.1","44.1","    1",,,,,,
"USW00024233","SEATTLE TACOMA AIRPORT, WA US","2022-11-27","12.30",,"0.17","0.0","0.0","44","47","39","  190","  230","25.9","36.0","    1",,,,,,
"USW00024233","SEATTLE TACOMA AIRPORT, WA US","2022-11-28","6.71",,"0.02","0.0","0.0","39","40","33","  360","  350","16.1","21.9","    1",,"    1",,,,
"USW00024233","SEATTLE TACOMA AIRPORT, WA US","2022-11-29","8.05",,"1.05","0.9","0.0","34","39","30","  130","   60","18.1","28.0","    1","    1",,,,,"    1"
"USW00024233","SEATTLE TACOMA AIRPORT, WA US","2022-11-30","9.17",,"0.56","0.2","0.0","38","41","29","  180","  180","21.0","29.1","    1",,,,,,
"USW00024233","SEATTLE TACOMA AIRPORT, WA US","2022-12-01","6.49",,"0.02","0.4","0.0","33","37","28","  350","  330","17.0","23.9","    1",,,,,,
"USW00024233","SEATTLE TACOMA AIRPORT, WA US","2022-12-02","8.95",,"0.20","0.3","0.0","32","39","27","  120","   80","17.0","23.0","    1",,,,,,
"USW00024233","SEATTLE TACOMA AIRPORT, WA US","2022-12-03","11.63",,"0.32","2.6","2.0","37","43","33","   80","   70","21.0","27.1",,,,,,,
"USW00024233","SEATTLE TACOMA AIRPORT, WA US","2022-12-04","7.61",,"0.31","0.1","1.2","35","38","32","   10","   10","17.0","21.9","    1",,,,,,
"USW00024233","SEATTLE TACOMA AIRPORT, WA US","2022-12-05","3.58",,"0.00","0.0","0.0","36","41","35","   20","   30","8.9","19.9","    1",,,,,,
"USW00024233","SEATTLE TACOMA AIRPORT, WA US","2022-12-06","6.26",,"0.04","0.0","0.0","38","42","36","  170","  180","13.0","15.0","    1",,,,,,
"USW00024233","SEATTLE TACOMA AIRPORT, WA US","2022-12-07","7.61",,"0.01","0.0","0.0","41","45","38","  210","  200","16.1","21.9",,,,,,,
"USW00024233","SEATTLE TACOMA AIRPORT, WA US","2022-12-08","9.17",,"0.10","0.0","0.0","42","43","37","  210","  230","16.1","25.1","    1",,,,,,
"USW00024233","SEATTLE TACOMA AIRPORT, WA US","2022-12-09","9.62",,"0.71","0.0","0.0","40","43","36","  120","   80","19.9","25.9","    1",,,,,,
"USW00024233","SEATTLE TACOMA AIRPORT, WA US","2022-12-10","8.95",,"0.30","0.0","0.0","42","46","40","  110","  100","15.0","23.0","    1",,,,,,
"USW00024233","SEATTLE TACOMA AIRPORT, WA US","2022-12-11","4.92",,"0.04","0.0","0.0","43","45","39","   40","   20","15.0","18.1","    1","    1",,,,,
"USW00024233","SEATTLE TACOMA AIRPORT, WA US","2022-12-12","4.25",,"0.18","0.0","0.0","42","43","38","   60","   30","8.9","16.1","    1",,,,,,
"USW00024233","SEATTLE TACOMA AIRPORT, WA US","2022-12-13","2.01",,"0.00","0.0","0.0","39","43","32","   60","   60","6.9","8.9","    1",,,,,,
"USW00024233","SEATTLE TACOMA AIRPORT, WA US","2022-12-14","7.61",,"0.00","0.0","0.0","40","43","35","   20","   20","15.0","19.9",,,,,,,
"USW00024233","SEATTLE TACOMA AIRPORT, WA US","2022-12-15","11.41",,"0.00","0.0","0.0","37","41","30","   40","   20","17.0","23.9","    1",,,,,,
"USW00024233","SEATTLE TACOMA AIRPORT, WA US","2022-12-16","4.70",,"0.00","0.0","0.0","35","44","28","   40","   30","10.1","16.1","    1","    1",,,,,
"USW00024233","SEATTLE TACOMA AIRPORT, WA US","2022-12-17","8.05",,"0.14","0.0","0.0","34","40","30","  190","  180","17.0","21.9","    1","    1",,,,,
"USW00024233","SEATTLE TACOMA AIRPORT, WA US","2022-12-18","13.42",,"0.02","0.2","0.0","39","42","31","  220","  210","25.9","38.9","    1",,,,,,
"USW00024233","SEATTLE TACOMA AIRPORT, WA US","2022-12-19","4.92",,"0.04","0.2","0.0","32","35","30","  110","   70","12.1","19.0","    1",,,,,,
"USW00024233","SEATTLE TACOMA AIRPORT, WA US","2022-12-20","9.17",,"0.66","0.6","1.2","34","42","29","   20","  190","19.9","27.1","    1",,,,,,
"USW00024233","SEATTLE TACOMA AIRPORT, WA US","2022-12-21","11.18",,,"0.3","1.2","28","30","20","   10","  360","21.0","25.1","    1",,,,,,
"USW00024233","SEATTLE TACOMA AIRPORT, WA US","2022-12-22","13.42",,"0.00","0.0","0.0","21","26","18","   80","   80","28.0","36.0",,,,,,"    1",
"USW00024233","SEATTLE TACOMA AIRPORT, WA US","2022-12-23","9.40",,"0.35","0.0","0.0","26","39","23","  120","  120","19.9","29.1","    1","    1",,,,"    1",
"USW00024233","SEATTLE TACOMA AIRPORT, WA US","2022-12-24","10.74",,"1.52","0.0","0.0","40","53","36","  190","  180","23.0","35.1","    1",,,,,,
"USW00024233","SEATTLE TACOMA AIRPORT, WA US","2022-12-25","4.92",,"0.45","0.0","0.0","50","53","47","  130","   80","15.0","23.9","    1",,,,,,
"USW00024233","SEATTLE TACOMA AIRPORT, WA US","2022-12-26","11.18",,"1.12","0.0","0.0","52","57","46","  230","  240","31.1","55.0","    1",,,,,,
"USW00024233","SEATTLE TACOMA AIRPORT, WA US","2022-12-27","17.22",,"0.27","0.0","0.0","50","53","44","  220","  220","36.9","55.0","    1",,,,,,
"USW00024233","SEATTLE TACOMA AIRPORT, WA US","2022-12-28","12.97",,"0.03","0.0","0.0","44","46","41","  210","  200","28.0","42.9","    1",,,,,,
"USW00024233","SEATTLE TACOMA AIRPORT, WA US","2022-12-29","6.26",,"0.35","0.0","0.0","43","46","41","  110","  100","17.0","21.0","    1",,,,,,
"USW00024233","SEATTLE TACOMA AIRPORT, WA US","2022-12-30","14.32"," 0406","0.36","0.0","0.0","46","53","42","  200","  200","25.9","38.9","    1",,,,,,
"USW00024233","SEATTLE TACOMA AIRPORT, WA US","2022-12-31","10.07",,"0.01","0.0","0.0","46","49","43","  210","  190","21.0","28.0","    1",,,,,,
